scheme_code,subscheme_code,subscheme_desc,form_fields
1,1,Fatall Accident Relief(Accidental Death),Alo Circle No | Renewed Up to | Challan No. Date | Amount | 1. Name of the deceased Construction Worker | a) Date Of death | b) Place Of death | State | District | c)Cause of Death or Accidental Death | d) Name of the Police Station | 2) Name of the authority issued the death certificate | 3) Name of the authority issued FIR Copy | 4) Authority issued FIR Copy Date | 5) Name  of the authority issued Postmarturm report | 6) Authority issued Postmarturm report Date | 7) Name of the person applied for the benifit of the scheme | a) Age | b) Address | c) Phone No. | 8) Relationship with the deceased worker | 9) Bank Account No. | a) Name of the bank | b) Name of the branch | c) IFSC Code | Regn card under BOCW Act(Original copy) | Renewal Challan Copy | Advanced stamped receipt | 1st page of  Bank Pass Book(Attested Copy) | FIR  issued by the PoliceStation(Attested Copy) | Postmortum Report | Death Certificate | Enquiry Report of ALO | Copy of House Hold Card | Aadhar Card Xerox | Form No. XXVII in original | Nominee Details | Application of the beneficiary | Panchanama Report | Funeral Application | Beneficiary Aadhar ID | Worker Aadhar ID
2,1,Total Permanent Disability,Alo Circle No | Renewed Up to | Challan No. Date | Amount | 1. Name of the Construction worker(Applicant) | 2. Date Of Accident | 3. Place & address of the accident | State | District | 4. Cause Of the Accident | 5. Name  of the authority issued FIR Copy | 6. Authority issued FIR Copy  Date | 7. Name of the authority issued disability certificate | a) Percentage of disability | 8. Bank Account No. | a) Name of the bank | b) Name of the branch | c) IFSC Code | Regn card under BOCW Act(Attested copy) | Renewal Challan Copy | Advanced stamped receipt | 1st page of  Bank Pass Book(Attested Copy) | Disability certificate | Enquiry Report of ALO | Copy of house hold card | Copy of aadhar card | Application of the beneficiary | FIR Copy | Applicant Mobile No. | Beneficiary Aadhar ID | Worker Aadhar ID
2,2,50% & above Partial Permanent,Alo Circle No | Renewed Up to | Challan No. Date | Amount | 1. Name of the Construction worker(Applicant) | 2. Date Of Accident | 3. Place & address of the accident | State | District | 4. Cause Of the Accident | 5. Name  of the authority issued FIR Copy | 6. Authority issued FIR Copy  Date | 7. Name of the authority issued disability certificate | a) Percentage of disability | 8. Bank Account No. | a) Name of the bank | b) Name of the branch | c) IFSC Code | Regn card under BOCW Act(Attested copy) | Renewal Challan Copy | Advanced stamped receipt | 1st page of  Bank Pass Book(Attested Copy) | Disability certificate | Enquiry Report of ALO | Copy of house hold card | Copy of aadhar card | Application of the beneficiary | FIR Copy | Applicant Mobile No. | Beneficiary Aadhar ID | Worker Aadhar ID
2,3,26% to 49% Partial Permanent Disability,Alo Circle No | Renewed Up to | Challan No. Date | Amount | 1. Name of the Construction worker(Applicant) | 2. Date Of Accident | 3. Place & address of the accident | State | District | 4. Cause Of the Accident | 5. Name  of the authority issued FIR Copy | 6. Authority issued FIR Copy  Date | 7. Name of the authority issued disability certificate | a) Percentage of disability | 8. Bank Account No. | a) Name of the bank | b) Name of the branch | c) IFSC Code | Regn card under BOCW Act(Attested copy) | Renewal Challan Copy | Advanced stamped receipt | 1st page of  Bank Pass Book(Attested Copy) | Disability certificate | Enquiry Report of ALO | Copy of house hold card | Copy of aadhar card | Application of the beneficiary | FIR Copy | Applicant Mobile No. | Beneficiary Aadhar ID | Worker Aadhar ID
2,4,Up to 25% Partial Permanent Disability,Name of the Construction worker | Date Of Accident | Place & address of the accident | Cause Of the Accident | Name  of the authority issued FIR Copy | Authority issued FIR Copy  Date | Name  of the authority issued disability certificate | Applicant Mobile No. | Beneficiary Aadhar ID | Worker Aadhar ID
3,1,Natural Death,Alo Circle No | Renewed Up to | Challan No. Date | Amount | 1. Name of the deceased Construction Worker | a) Date Of death | b) Place Of death | State | District | 2. Name of the authority issued the death certificate | 3. Name of the person applied for the benefit of the scheme | a) Age | b) Address | c) Phone No | 4 .Relationship with the deceased worker | 5. Bank Account No. | a) Name of the bank | b) Name of the branch | c) IFSC Code | Regn card under BOCW Act(Original copy) | Renewal Challan Copy | Advanced stamped receipt | 1st page of  Bank Pass Book(Attested Copy) | Death Certificate | Enquiry Report of ALO | Copy of house hold card | Form No. XXVII original | Aadhar Card Xerox | Nominee Details | Application of the beneficiary | Funeral Application | Beneficiary Aadhar ID | Worker Aadhar ID
4,1,1st Maternity benefit for wife or self,Alo Circle No | Renewed Up to | Challan No. Date | Amount | 1. Name of the Person(Daughter/wife/self) | 2. Name of the authority issueed the birth certificate | 3. Name of the hospital and address | State | District | 4. Whether one year of registration completed | 5. Date of Delivery | 6. Age | 7. Bank Account No. | a) Name of the bank | b) Name of the branch | c) IFSC Code | Regn card under BOCW Act(Attested copy) | Renewal Challan Copy | Advanced stamped receipt | 1st page of  Bank Pass Book(Attested Copy) | Delivery certificate issued by the Hospital(Attestesd Copy) | Birth certificate of the child | Enquiry Report of ALO | Copy of Discharge Summary | Application of the beneficiary | Aadhar Card Xerox | House Hold Card Xerox | Others | Applicant Mobile No. | Beneficiary Aadhar ID | Worker Aadhar ID
4,2,2nd  Maternity benefit for wife or self,Alo Circle No | Renewed Up to | Challan No. Date | Amount | 1. Name of the Person(Daughter/wife/self) | 2. Name of the authority issueed the birth certificate | 3. Name of the hospital and address | State | District | 4. Whether one year of registration completed | 5. Date of Delivery | 6. Age | 7. Bank Account No. | a) Name of the bank | b) Name of the branch | c) IFSC Code | Regn card under BOCW Act(Attested copy) | Renewal Challan Copy | Advanced stamped receipt | 1st page of  Bank Pass Book(Attested Copy) | Delivery certificate issued by the Hospital(Attestesd Copy) | Birth certificate of the child | Enquiry Report of ALO | Copy of Discharge Summary | Application of the beneficiary | Aadhar Card Xerox | House Hold Card Xerox | Others | Applicant Mobile No. | Beneficiary Aadhar ID | Worker Aadhar ID
4,3,1st Maternity Benefit for First Daughter,Alo Circle No | Renewed Up to | Challan No. Date | Amount | 1. Name of the Person(Daughter/wife/self) | 2. Name of the authority issueed the birth certificate | 3. Name of the hospital and address | State | District | 4. Whether one year of registration completed | 5. Date of Delivery | 6. Age | 7. Bank Account No. | a) Name of the bank | b) Name of the branch | c) IFSC Code | Regn card under BOCW Act(Attested copy) | Renewal Challan Copy | Advanced stamped receipt | 1st page of  Bank Pass Book(Attested Copy) | Delivery certificate issued by the Hospital(Attestesd Copy) | Birth certificate of the child | Enquiry Report of ALO | Copy of Discharge Summary | Application of the beneficiary | Aadhar Card Xerox | House Hold Card Xerox | Others | Applicant Mobile No. | Beneficiary Aadhar ID | Worker Aadhar ID
4,4,2nd  Maternity Benefit for First Daughter,Date of Delivery | Name of the authority issueed the birth certificate | Name of the hospital and address | Whether one year of registration completed | Beneficiary person Name | Age | Applicant Mobile No. | Beneficiary Aadhar ID | Worker Aadhar ID
4,5,1st Maternity Benefit for Second Daughter,Alo Circle No | Renewed Up to | Challan No. Date | Amount | 1. Name of the Person(Daughter/wife/self) | 2. Name of the authority issueed the birth certificate | 3. Name of the hospital and address | State | District | 4. Whether one year of registration completed | 5. Date of Delivery | 6. Age | 7. Bank Account No. | a) Name of the bank | b) Name of the branch | c) IFSC Code | Regn card under BOCW Act(Attested copy) | Renewal Challan Copy | Advanced stamped receipt | 1st page of  Bank Pass Book(Attested Copy) | Delivery certificate issued by the Hospital(Attestesd Copy) | Birth certificate of the child | Enquiry Report of ALO | Copy of Discharge Summary | Copy of witness Identity Card | Aadhar Card Xerox | Applicant Mobile No. | Beneficiary Aadhar ID | Worker Aadhar ID
4,6,2nd  Maternity Benefit for Second Daughter,Alo Circle No | Renewed Up to | Challan No. Date | Amount | 1. Name of the Person(Daughter/wife/self) | 2. Name of the authority issueed the birth certificate | 3. Name of the hospital and address | State | District | 4. Whether one year of registration completed | 5. Date of Delivery | 6. Age | 7. Bank Account No. | a) Name of the bank | b) Name of the branch | c) IFSC Code | Regn card under BOCW Act(Attested copy) | Renewal Challan Copy | Advanced stamped receipt | 1st page of  Bank Pass Book(Attested Copy) | Delivery certificate issued by the Hospital(Attestesd Copy) | Birth certificate of the child | Enquiry Report of ALO | Copy of Discharge Summary | Copy of witness Identity Card | Aadhar Card Xerox | Applicant Mobile No. | Beneficiary Aadhar ID | Worker Aadhar ID
5,1,15 Days Recognition Of Prior Learning(R.P.L),Select Trades | 1.Name of the worker | 2.Gender | 3.Father/Husband Name | 4.Mother Name | 5.DOB/Age | 6.BOC Reg No | 7.Renewed Up to | 8.Caste | 9.Educational Qualification | 10.Present Status | 11.Experience | 12.Name of the Training Center | Dist | 13. Ration Card No | 14.Aadhar Card No. | 15.Mobile No | 16 Bank Details: a.Account No | b.Bank Name | c.Branch | d.IFSC code | 17.Present Address a.House no. | b.Village | c. Mandal | d. dist | e. state | f. pin code | 1. Boc ID Card | 2. Aadhar Card | 3.1st page of bank Account Copy | 4. Application form | Others | Training Partner
6,1,15 Days Residential Skill Upgradation Training,Select Trades | 1.Name of the worker | 2.Gender | 3.Father/Husband Name | 4.Mother Name | 5.DOB/Age | 6.BOC Reg No | 7.Renewed Up to | 8.Caste | 9.Educational Qualification | 10.Present Status | 11.Experience | 12.Name of the Training Center | Dist | 13. Ration Card No | 14.Aadhar Card No. | 15.Mobile No | 16 Bank Details: a.Account No | b.Bank Name | c.Branch | d.IFSC code | 17.Present Address a.House no. | b.Village | c. Mandal | d. dist | e. state | f. pin code | 1. Boc ID Card | 2. Aadhar Card | 3.1st page of bank Account Copy | 4. Application form | 5. Others | Training Partner
7,1,"Unemployed Girls,Widowed,Divorced and Desarted Daughters/Spouse",1. Select Trade | 2. Name of the Candidate | 3. Gender | 4. Father/Husband Name | 5. Mother Name | 6. DOB/Age | 7. BOC Reg No | 8. Renewed Up to | 9. Caste | 10. Educational Qualification | 11. Present Status | 12. Experience | 13. Name of the Training Center | 14. District | 15. Ration Card No | 16. Beneficiary Aadhar Card No. | 17. Mobile No | 18. Bank Details: a.Account No | b. Bank Name | c. Branch | d. IFSC Code | 19. Present Address: a.House no. | b.Village | c. Mandal | d. dist | e. state | f. pin code | 1. Boc ID Card | 2. Aadhar Card | 3.1st page of bank Account Copy | 4. Application form | 5. Others | Worker Aadhar ID | Training Partner
8,1,Unemployed Youth of dependents,1. Select Trade | 2. Name of the Candidate | 3. Gender | 4. Father/Husband Name | 5. Mother Name | 6. DOB/Age | 7. BOC Reg No | 8. Renewed Up to | 9. Caste | 10. Educational Qualification | 11. Present Status | 12. Experience | 13. Name of the Training Center | 14. District | 15. Ration Card No | 16. Beneficiary Aadhar Card No. | 17. Mobile No | 18. Bank Details: a.Account No | b. Bank Name | c. Branch | d. IFSC Code | 19. Present Address: a.House no. | b.Village | c. Mandal | d. dist | e. state | f. pin code | 1. Boc ID Card | 2. Aadhar Card | 3.1st page of bank Account Copy | 4. Application form | 5. Others | Worker Aadhar ID | Training Partner
9,1,Marriage Gift for First Daughter,Alo Circle No | Renewed Up to | Challan No. Date | Amount | 1. Name of the person | 2. place of marriage | State | District | 3. Date of Marriage | a) Age | 4. Bank Account No. | a) Name of the bank | b) Name of the branch | c) IFSC Code | Regn card under BOCW Act(Attested copy) | Renewal Challan Copy | Advanced stamped receipt | 1st page of  Bank Pass Book(Attested Copy) | Marriage Photos | Wedding Card | Marriage Certificate | Age Proof Certificate | Enquiry Report of ALO | Aadhar Card Xerox | Application of the beneficiary | Xerox Copy of the House Hold Card | Applicant Mobile No. | Beneficiary Aadhar ID | Worker Aadhar ID
9,2,Marriage Gift for Second Daughter,Name of the person( Daughter) | place of marriage | Date of Marriage | Age | Applicant Mobile No. | Beneficiary Aadhar ID | Worker Aadhar ID
9,3,Marriage Gift for unmarried women worker,Alo Circle No | Renewed Up to | Challan No. Date | Amount | 1. Name of the person( Daughter) | 2. place of marriage | State | District | 3. Date of Marriage | a) Age | 4. Bank Account No. | a) Name of the bank | b) Name of the branch | c) IFSC Code | Regn card under BOCW Act(Attested copy) | Renewal Challan Copy | Advanced stamped receipt | 1st page of  Bank Pass Book(Attested Copy) | Marriage Photos | Wedding Card | Marriage Certificate | Age Proof Certificate | Enquiry Report of ALO | Aadhar Card Xerox | Applicant Mobile No. | Beneficiary Aadhar ID | Worker Aadhar ID
10,1,Setwin Online Training for Workers/Worker Dependents,ALO Circle/Jurisdiction | BOC Regn No. | WorkerName | Father/Husband Name | Renewed Upto | Setwin Training ID | Batch ID | Setwin Online Course | Name of Worker/Dependent(Undergoing Training) | Trainee Mother Name | Trainee DOB/Age | Caste | Education Qualification | Trainee Mobile Number | Trainee Aadhar No. | ID Generated by SETWIN | Worker Mobile No. | Worker Ration Card No. | Worker Aadhar Card No. | a. Account No. | b. Bank Name | c. Branch | d. IFSC Code | a. House No. | b. State | c.District | d. Mandal | e. Village | e. Pin code | Trainee Aadhar Card | Worker BOC Card | Worker Ration Card | Others | Station | Submitted on Date
10,2,Setwin OFFLINE Training for Workers/Worker Dependents,ALO Circle/Jurisdiction | BOC Regn No. | WorkerName | Father/Husband Name | traineeName | Mother Name | Renewed Upto | Training Batch ID | Trainee DOB/Age | Contact No. | Gender | Education Qualification | Category | Beneficiary Aadhar No. | Full Address | Family Size | BOC ID Card | Trainee Aadhar Card | Bank Pass Book
11,1,Setwin OFFLINE Training for Workers/Worker Dependents,ALO Circle/Jurisdiction | BOC Regn No. | WorkerName | Father/Husband Name | Renewed Upto | Setwin Training ID | Batch ID | Setwin Online Course | Name of Worker/Dependent(Undergoing Training) | Trainee Mother Name | Trainee DOB/Age | Caste | Education Qualification | Trainee Mobile Number | Trainee Aadhar No. | ID Generated by SETWIN | Worker Mobile No. | Worker Ration Card No. | Worker Aadhar Card No. | a. Account No. | b. Bank Name | c. Branch | d. IFSC Code | a. House No. | b. State | c.District | d. Mandal | e. Village | e. Pin code | Trainee Aadhar Card | Worker BOC Card | Worker Ration Card | Others | Station | Submitted on Date
12,1,Loss of earning during medical treatment,Alo Circle No | Renewed Up to | Challan No. Date | Amount | 1. Name of the Construction worker | 2. Date Of Accident | 3. Place & address of the accident | State | District | 4.Cause Of the Accident | 5.Name & address of the Hospital Admitted | State | District | 6. No of days stayed in the hospital | a)  Date of discharge | 7. Name of the authority issued FIR Copy | 8. Authority issued FIR Copy  Date | 9. Name of the authority issued medical certificate | 10. Authority issued medical certificate Date | 11.Bank Account No. | a) Name of the bank | b) Name of the branch | c) IFSC Code | Regn card under BOCW Act(Attested copy) | Renewal Challan Copy | Advanced stamped receipt | 1st page of  Bank Pass Book(Attested Copy) | Docotor Certificate/Medical Certificate | Copy of house hold Card | Application of the beneficiary | Discharge Summary of Hospital | Fir issued by the PoliceStation(Attested Copy) | Enquiry Report of ALO | Applicant Mobile No. | Beneficiary Aadhar ID | Worker Aadhar ID
13,1,Sanction of Artifical Limbs,Alo Circle No | Renewed Up to | Challan No. Date | Amount | 1. Name of the Construction Worker(Applicant) | 2. Date Of Accident | 3. Place & Adress of the Acident | State | District | 4. Cause of  the Accident | 5. Name & address of the Hospital Admitted | State | District | 6. Name of the authority issued medical certificate | 7. Authority issued medical certificate Date | 8. Required appliences of | 9. Bank Account No. | a) Name of the bank | b) Name of the branch | c) IFSC Code | Regn card under BOCW Act(Attested copy) | Renewal Challan Copy | Enquiry Report of ALO | AAdhar Card | Docotor Certificate/Medical Certificate | Application of the beneficiary | Applicant Mobile No. | Beneficiary Aadhar ID | Worker Aadhar ID
15,1,APPC Online Training for Workers/Worker Dependents,ALO Circle/Jurisdiction | BOC Regn No. | WorkerName | Father/Husband Name | Renewed Upto | Setwin Training ID | Batch ID | Setwin Online Course | Name of Worker/Dependent(Undergoing Training) | Trainee Mother Name | Trainee DOB/Age | Caste | Education Qualification | Trainee Mobile Number | Trainee Aadhar No. | ID Generated by SETWIN | Worker Mobile No. | Worker Ration Card No. | Worker Aadhar Card No. | a. Account No. | b. Bank Name | c. Branch | d. IFSC Code | a. House No. | b. State | c.District | d. Mandal | e. Village | e. Pin code | Trainee Aadhar Card | Worker BOC Card | Worker Ration Card | Others | Station | Submitted on Date
15,2,Acquiring of New Skills & Upgradation of existing Skills,ALO Circle/Jurisdiction | BOC Regn No. | WorkerName | Father/Husband Name | traineeName | Mother Name | Renewed Upto | Training Batch ID | Trainee DOB/Age | Contact No. | Gender | Education Qualification | Category | Physically Challenged (Yes/No) | Type | Percentage | Beneficiary Aadhar No. | a.Bank Account No. | b. Bank Name | c. Branch | d. IFSC Code | Full Address | Trainee PAN No. | Family Size | BOC ID Card | Trainee Aadhar Card | Trainee PAN Card | Bank Pass Book | Trainee Signature
